protein,num_seqs,num_seqs_unfiltered,perc_filtered,n_eff,n_eff_l,seq_len,num_cov,perc_cov
O75400_PF00397_176,6177,6188,0.9982223658694247,122.28721894599153,2.3977886067841476,51,45,0.8823529411764706
P39940_PF00397_324,117322,117366,0.9996251043743504,1134.4478957751335,26.38250920407287,43,33,0.7674418604651163
P46937_PF00397_165,97927,97958,0.9996835378427489,1026.5833500399863,22.317029348695353,46,35,0.7608695652173914
Q5TCQ9_PF00397_287,119694,119741,0.9996074861576235,1236.3357198135864,28.75199348403689,43,34,0.7906976744186046
Q8IZQ8_PF02037_363,11185,11191,0.9994638548833884,107.31117429963888,2.438890324991793,44,44,1.0
Q96QZ7_PF00397_294,102965,102997,0.9996893113391652,1037.4064918457584,22.552315040125183,46,35,0.7608695652173914
