protein,num_seqs,num_seqs_unfiltered,perc_filtered,n_eff,n_eff_l,seq_len,num_cov,perc_cov
O75400_PF00397_176,14209,14224,0.9989454443194601,749.1263919395551,14.688752783128532,51,36,0.7058823529411765
P46937_PF00397_165,103330,103378,0.9995356845750547,3412.7571870154316,74.19037363077025,46,33,0.717391304347826
Q5TCQ9_PF00397_287,201382,201459,0.9996177882348269,6209.918379085495,144.41670649036035,43,31,0.7209302325581395
Q8IZQ8_PF02037_363,77942,78012,0.9991027021483875,21716.098687117083,493.5476974344792,44,32,0.7272727272727273
Q96QZ7_PF00397_294,72895,72919,0.9996708676750915,1856.7739166605895,40.36465036218673,46,34,0.7391304347826086
