protein,num_seqs,num_seqs_unfiltered,perc_filtered,n_eff,n_eff_l,seq_len,num_cov,perc_cov
A0A2R8Y422_HUMAN_Beltran_2025_PF00240_2,61139,61559,0.9931772770837732,5929.079783031528,84.70113975759325,70,68,0.9714285714285714
