protein,num_seqs,num_seqs_unfiltered,perc_filtered,n_eff,n_eff_l,seq_len,num_cov,perc_cov
A2RRE5_HUMAN_Beltran_2025_PF01846_267,4527,4543,0.9964780981730135,128.70457733011548,2.042929798890722,63,60,0.9523809523809523
