protein,num_seqs,num_seqs_unfiltered,perc_filtered,n_eff,n_eff_l,seq_len,num_cov,perc_cov
ABL1_HUMAN_Beltran_2025_PF00018_64,36168,36200,0.9991160220994475,1150.1962805267342,20.17888211450411,57,52,0.9122807017543859
