protein,num_seqs,num_seqs_unfiltered,perc_filtered,n_eff,n_eff_l,seq_len,num_cov,perc_cov
ADNP_HUMAN_Beltran_2025_PF00046_770,25951,25977,0.9989991146013781,339.52072080417724,8.280993190345786,41,40,0.975609756097561
