protein,num_seqs,num_seqs_unfiltered,perc_filtered,n_eff,n_eff_l,seq_len,num_cov,perc_cov
ALX1_HUMAN_Beltran_2025_PF00046_134,235844,236419,0.9975678773702621,4522.904994702439,80.7661606196864,56,55,0.9821428571428571
