protein,num_seqs,num_seqs_unfiltered,perc_filtered,n_eff,n_eff_l,seq_len,num_cov,perc_cov
ALX3_HUMAN_Beltran_2025_PF00046_155,236609,237187,0.9975631042173475,4498.259313852109,80.32605917593051,56,55,0.9821428571428571
