protein,num_seqs,num_seqs_unfiltered,perc_filtered,n_eff,n_eff_l,seq_len,num_cov,perc_cov
ALX4_HUMAN_Beltran_2025_PF00046_216,234122,234696,0.9975542829873538,4458.809190689183,79.62159269087827,56,55,0.9821428571428571
