protein,num_seqs,num_seqs_unfiltered,perc_filtered,n_eff,n_eff_l,seq_len,num_cov,perc_cov
ANDR_HUMAN_Beltran_2025_PF00105_557,103459,103694,0.997733716512045,3210.8690057792373,42.24827639183207,76,72,0.9473684210526315
