protein,num_seqs,num_seqs_unfiltered,perc_filtered,n_eff,n_eff_l,seq_len,num_cov,perc_cov
ANK2_HUMAN_Beltran_2025_PF00531_3571,35183,35196,0.999630639845437,137.94642243522205,1.7243302804402756,80,79,0.9875
