protein,num_seqs,num_seqs_unfiltered,perc_filtered,n_eff,n_eff_l,seq_len,num_cov,perc_cov
ANS1B_HUMAN_Beltran_2025_PF00536_812,75822,75860,0.9994990772475613,1293.8124834836722,20.867943281994712,62,56,0.9032258064516129
