protein,num_seqs,num_seqs_unfiltered,perc_filtered,n_eff,n_eff_l,seq_len,num_cov,perc_cov
ARX_HUMAN_Beltran_2025_PF00046_330,238653,239242,0.997538057698899,4662.988841997479,83.26765789281212,56,55,0.9821428571428571
