protein,num_seqs,num_seqs_unfiltered,perc_filtered,n_eff,n_eff_l,seq_len,num_cov,perc_cov
ASC_HUMAN_Beltran_2025_PF00619_114,6048,6069,0.9965397923875432,1072.3071790969539,13.238360235764862,81,79,0.9753086419753086
