protein,num_seqs,num_seqs_unfiltered,perc_filtered,n_eff,n_eff_l,seq_len,num_cov,perc_cov
ASZ1_HUMAN_Beltran_2025_PF07647_273,17668,17678,0.9994343251499038,906.8959189779383,14.627353531902232,62,56,0.9032258064516129
