protein,num_seqs,num_seqs_unfiltered,perc_filtered,n_eff,n_eff_l,seq_len,num_cov,perc_cov
BRAF_HUMAN_Beltran_2025_PF02196_153,6123,6132,0.9985322896281801,127.38666933207155,1.67614038594831,76,74,0.9736842105263158
