protein,num_seqs,num_seqs_unfiltered,perc_filtered,n_eff,n_eff_l,seq_len,num_cov,perc_cov
BTK_HUMAN_Beltran_2025_PF00018_215,85438,85505,0.9992164200923923,3078.224811340174,52.17330188712159,59,51,0.864406779661017
