protein,num_seqs,num_seqs_unfiltered,perc_filtered,n_eff,n_eff_l,seq_len,num_cov,perc_cov
CABP2_HUMAN_Beltran_2025_PF13499_155,46238,46396,0.9965945340115527,3097.929403341378,47.66045235909812,65,62,0.9538461538461539
