protein,num_seqs,num_seqs_unfiltered,perc_filtered,n_eff,n_eff_l,seq_len,num_cov,perc_cov
CALL4_HUMAN_Beltran_2025_PF13499_123,75028,75249,0.9970630838948026,6786.14797551527,98.3499706596416,69,64,0.927536231884058
