protein,num_seqs,num_seqs_unfiltered,perc_filtered,n_eff,n_eff_l,seq_len,num_cov,perc_cov
CAN15_HUMAN_Beltran_2025_PF00641_4,20589,20592,0.9998543123543123,1444.4359554307275,53.49762797891584,27,24,0.8888888888888888
