protein,num_seqs,num_seqs_unfiltered,perc_filtered,n_eff,n_eff_l,seq_len,num_cov,perc_cov
CBL_HUMAN_Beltran_2025_PF00627_854,6236,6239,0.9995191537105306,161.1125943545074,3.5024477033588566,46,37,0.8043478260869565
