protein,num_seqs,num_seqs_unfiltered,perc_filtered,n_eff,n_eff_l,seq_len,num_cov,perc_cov
CBX5_HUMAN_Beltran_2025_PF00385_21,36397,36459,0.9982994596670233,4446.024232683697,90.73518842211627,49,46,0.9387755102040817
