protein,num_seqs,num_seqs_unfiltered,perc_filtered,n_eff,n_eff_l,seq_len,num_cov,perc_cov
CCNF_HUMAN_Beltran_2025_PF00646_28,7908,7922,0.9982327695026508,1065.7685487047434,20.10884054159893,53,43,0.8113207547169812
