protein,num_seqs,num_seqs_unfiltered,perc_filtered,n_eff,n_eff_l,seq_len,num_cov,perc_cov
CD2AP_HUMAN_Beltran_2025_PF00018_271,246727,246887,0.9993519302352898,5867.960334757616,96.19607106160026,61,52,0.8524590163934426
