protein,num_seqs,num_seqs_unfiltered,perc_filtered,n_eff,n_eff_l,seq_len,num_cov,perc_cov
CD2AP_HUMAN_Beltran_2025_PF14604_1,91124,91191,0.9992652783717692,1947.7144654458968,33.01210958382876,59,52,0.8813559322033898
