protein,num_seqs,num_seqs_unfiltered,perc_filtered,n_eff,n_eff_l,seq_len,num_cov,perc_cov
CD2AP_HUMAN_Beltran_2025_PF14604_109,101884,101933,0.999519292084016,1764.5777055244776,28.92750336925373,61,53,0.8688524590163934
