protein,num_seqs,num_seqs_unfiltered,perc_filtered,n_eff,n_eff_l,seq_len,num_cov,perc_cov
CHD4_HUMAN_Beltran_2025_PF00385_623,39611,39628,0.9995710103966892,1510.1119257167963,28.49267784371314,53,49,0.9245283018867925
