protein,num_seqs,num_seqs_unfiltered,perc_filtered,n_eff,n_eff_l,seq_len,num_cov,perc_cov
CHD4_HUMAN_Beltran_2025_PF00628_365,154126,154204,0.9994941765453556,4328.298174387938,81.66600329033845,53,44,0.8301886792452831
