protein,num_seqs,num_seqs_unfiltered,perc_filtered,n_eff,n_eff_l,seq_len,num_cov,perc_cov
CHD5_HUMAN_Beltran_2025_PF00628_411,148535,148614,0.999468421548441,4397.703434470345,82.97553649944048,53,44,0.8301886792452831
