protein,num_seqs,num_seqs_unfiltered,perc_filtered,n_eff,n_eff_l,seq_len,num_cov,perc_cov
CIDEB_HUMAN_Beltran_2025_PF02017_36,6507,6532,0.9961726883037355,531.8426491586104,7.187062826467708,74,73,0.9864864864864865
