protein,num_seqs,num_seqs_unfiltered,perc_filtered,n_eff,n_eff_l,seq_len,num_cov,perc_cov
COT1_HUMAN_Beltran_2025_PF00105_83,103469,103686,0.9979071427193642,3072.7361666956012,39.905664502540276,77,71,0.922077922077922
