protein,num_seqs,num_seqs_unfiltered,perc_filtered,n_eff,n_eff_l,seq_len,num_cov,perc_cov
CPEB2_HUMAN_Beltran_2025_PF16366_513,12466,12473,0.9994387877816083,264.11992402710047,4.192379746461913,63,62,0.9841269841269841
