protein,num_seqs,num_seqs_unfiltered,perc_filtered,n_eff,n_eff_l,seq_len,num_cov,perc_cov
CRBA4_HUMAN_Beltran_2025_PF00030_14,48583,48906,0.9933954933954934,984.6636628543653,11.863417624751389,83,76,0.9156626506024096
