protein,num_seqs,num_seqs_unfiltered,perc_filtered,n_eff,n_eff_l,seq_len,num_cov,perc_cov
CRBB2_HUMAN_Beltran_2025_PF00030_106,49617,49945,0.993432776053659,1109.6361588393054,13.209954271896493,84,79,0.9404761904761905
