protein,num_seqs,num_seqs_unfiltered,perc_filtered,n_eff,n_eff_l,seq_len,num_cov,perc_cov
CRBB1_HUMAN_Beltran_2025_PF00030_57,49275,49609,0.9932673506823358,1039.8803627443153,11.952647847635808,87,81,0.9310344827586207
