protein,num_seqs,num_seqs_unfiltered,perc_filtered,n_eff,n_eff_l,seq_len,num_cov,perc_cov
CRBG2_HUMAN_Beltran_2025_PF00030_1358,53484,53823,0.9937015773925645,1370.9163726480724,17.575850931385542,78,75,0.9615384615384616
