protein,num_seqs,num_seqs_unfiltered,perc_filtered,n_eff,n_eff_l,seq_len,num_cov,perc_cov
CRGB_HUMAN_Beltran_2025_PF00030_87,49252,49586,0.9932642278062356,1120.4568171994713,12.87881399079852,87,80,0.9195402298850575
