protein,num_seqs,num_seqs_unfiltered,perc_filtered,n_eff,n_eff_l,seq_len,num_cov,perc_cov
CRGB_HUMAN_Beltran_2025_PF00030_1,50214,50563,0.9930977196764432,1226.3247618692499,14.599104307967261,84,80,0.9523809523809523
