protein,num_seqs,num_seqs_unfiltered,perc_filtered,n_eff,n_eff_l,seq_len,num_cov,perc_cov
CRGD_HUMAN_Beltran_2025_PF00030_90,50252,50603,0.9930636523526273,1190.1677540532469,14.693429062385764,81,79,0.9753086419753086
