protein,num_seqs,num_seqs_unfiltered,perc_filtered,n_eff,n_eff_l,seq_len,num_cov,perc_cov
CSDE1_HUMAN_Beltran_2025_PF00313_23,43676,43748,0.9983542104781933,3008.617738561872,43.60315563133148,69,60,0.8695652173913043
