protein,num_seqs,num_seqs_unfiltered,perc_filtered,n_eff,n_eff_l,seq_len,num_cov,perc_cov
CSDE1_HUMAN_Beltran_2025_PF00313_347,18567,18596,0.9984405248440524,497.411248689632,6.908489565133777,72,66,0.9166666666666666
