protein,num_seqs,num_seqs_unfiltered,perc_filtered,n_eff,n_eff_l,seq_len,num_cov,perc_cov
CSKP_HUMAN_Beltran_2025_PF00595_488,28945,28978,0.9988612050521085,354.778906219169,4.326572027063037,82,81,0.9878048780487805
