protein,num_seqs,num_seqs_unfiltered,perc_filtered,n_eff,n_eff_l,seq_len,num_cov,perc_cov
CSPB_BACSU_Beltran_2025_PF00313_1,81762,82015,0.9969151984393099,6130.978664980454,91.5071442534396,67,62,0.9253731343283582
