protein,num_seqs,num_seqs_unfiltered,perc_filtered,n_eff,n_eff_l,seq_len,num_cov,perc_cov
CUL9_HUMAN_Beltran_2025_PF01485_2234,37974,37999,0.9993420879496829,4111.319186082372,97.88855204958028,42,37,0.8809523809523809
