protein,num_seqs,num_seqs_unfiltered,perc_filtered,n_eff,n_eff_l,seq_len,num_cov,perc_cov
CUL9_HUMAN_Beltran_2025_PF11515_367,5743,5767,0.9958383908444599,82.35532728546548,1.1281551682940476,73,71,0.9726027397260274
