protein,num_seqs,num_seqs_unfiltered,perc_filtered,n_eff,n_eff_l,seq_len,num_cov,perc_cov
CUX1_HUMAN_Beltran_2025_PF02376_941,24775,24802,0.9989113781146681,185.1189072139902,2.7223368707939737,68,66,0.9705882352941176
