protein,num_seqs,num_seqs_unfiltered,perc_filtered,n_eff,n_eff_l,seq_len,num_cov,perc_cov
CUX1_HUMAN_Beltran_2025_PF02376_548,24683,24711,0.9988669013799523,187.96917062970243,2.29230695889881,82,76,0.926829268292683
