protein,num_seqs,num_seqs_unfiltered,perc_filtered,n_eff,n_eff_l,seq_len,num_cov,perc_cov
CUX1_HUMAN_Beltran_2025_PF00046_1246,286704,287315,0.9978734141969615,5403.212232488261,96.48593272300467,56,55,0.9821428571428571
