protein,num_seqs,num_seqs_unfiltered,perc_filtered,n_eff,n_eff_l,seq_len,num_cov,perc_cov
CUX2_HUMAN_Beltran_2025_PF02376_895,24743,24769,0.9989503007791998,180.30143688769027,2.613064302720149,69,67,0.9710144927536232
