protein,num_seqs,num_seqs_unfiltered,perc_filtered,n_eff,n_eff_l,seq_len,num_cov,perc_cov
CUX2_HUMAN_Beltran_2025_PF02376_1036,24578,24608,0.9987808842652796,178.42690132623378,2.004796644114986,89,78,0.8764044943820225
