protein,num_seqs,num_seqs_unfiltered,perc_filtered,n_eff,n_eff_l,seq_len,num_cov,perc_cov
DDHD2_HUMAN_Beltran_2025_PF00536_389,33903,33924,0.9993809692253272,2034.014531861123,34.474822573917336,59,53,0.8983050847457628
