protein,num_seqs,num_seqs_unfiltered,perc_filtered,n_eff,n_eff_l,seq_len,num_cov,perc_cov
DIDO1_HUMAN_Beltran_2025_PF00628_263,38734,38748,0.9996386910292144,2001.188288360062,33.918445565424776,59,48,0.8135593220338984
