protein,num_seqs,num_seqs_unfiltered,perc_filtered,n_eff,n_eff_l,seq_len,num_cov,perc_cov
DLG3_HUMAN_Beltran_2025_PF00595_222,311427,311621,0.9993774488882328,2899.5533997238977,31.863224172790083,91,83,0.9120879120879121
