protein,num_seqs,num_seqs_unfiltered,perc_filtered,n_eff,n_eff_l,seq_len,num_cov,perc_cov
DLG3_HUMAN_Beltran_2025_PF00595_383,408433,408685,0.9993833881840537,3883.7174704709364,45.69079377024631,85,78,0.9176470588235294
