protein,num_seqs,num_seqs_unfiltered,perc_filtered,n_eff,n_eff_l,seq_len,num_cov,perc_cov
DLG4_HUMAN_Beltran_2025_PF00595_157,317511,317724,0.9993296068285682,2949.6622714759424,32.77402523862158,90,82,0.9111111111111111
