protein,num_seqs,num_seqs_unfiltered,perc_filtered,n_eff,n_eff_l,seq_len,num_cov,perc_cov
DLG4_HUMAN_Beltran_2025_PF00595_60,287222,287392,0.9994084734439372,2677.1601387044207,28.480427007493837,94,85,0.9042553191489362
