protein,num_seqs,num_seqs_unfiltered,perc_filtered,n_eff,n_eff_l,seq_len,num_cov,perc_cov
DLG4_HUMAN_Beltran_2025_PF00595_309,378325,378568,0.9993581073941802,3746.848915403877,42.57782858413497,88,80,0.9090909090909091
