protein,num_seqs,num_seqs_unfiltered,perc_filtered,n_eff,n_eff_l,seq_len,num_cov,perc_cov
DNJC1_HUMAN_Beltran_2025_PF00249_494,15856,15877,0.9986773319896706,1477.7101609237675,28.97470903772093,51,46,0.9019607843137255
