protein,num_seqs,num_seqs_unfiltered,perc_filtered,n_eff,n_eff_l,seq_len,num_cov,perc_cov
DNJC2_HUMAN_Beltran_2025_PF00249_451,6780,6784,0.9994103773584906,513.9429418648843,9.697036638960082,53,47,0.8867924528301887
