protein,num_seqs,num_seqs_unfiltered,perc_filtered,n_eff,n_eff_l,seq_len,num_cov,perc_cov
DNJC7_HUMAN_Beltran_2025_PF00226_382,79478,79653,0.9978029703840408,4638.987451818242,69.23861868385437,67,62,0.9253731343283582
