protein,num_seqs,num_seqs_unfiltered,perc_filtered,n_eff,n_eff_l,seq_len,num_cov,perc_cov
DNMBP_HUMAN_Beltran_2025_PF00018_146,236885,237022,0.9994219945827814,5443.841048467827,89.24329587652176,61,53,0.8688524590163934
