protein,num_seqs,num_seqs_unfiltered,perc_filtered,n_eff,n_eff_l,seq_len,num_cov,perc_cov
DNMBP_HUMAN_Beltran_2025_PF00018_242,257154,257317,0.9993665401042294,5887.986435422968,93.46010214957091,63,52,0.8253968253968254
