protein,num_seqs,num_seqs_unfiltered,perc_filtered,n_eff,n_eff_l,seq_len,num_cov,perc_cov
DNMBP_HUMAN_Beltran_2025_PF14604_147,50157,50178,0.9995814898959704,798.4363846743404,13.532820079226108,59,54,0.9152542372881356
