protein,num_seqs,num_seqs_unfiltered,perc_filtered,n_eff,n_eff_l,seq_len,num_cov,perc_cov
DPH3_HUMAN_Beltran_2025_PF05207_6,6176,6187,0.9982220785518021,1041.9692338641867,18.94489516116703,55,52,0.9454545454545454
