protein,num_seqs,num_seqs_unfiltered,perc_filtered,n_eff,n_eff_l,seq_len,num_cov,perc_cov
DSRAD_HUMAN_Beltran_2025_PF02295_136,2171,2174,0.9986200551977921,183.55528789709444,2.823927506109145,65,60,0.9230769230769231
