protein,num_seqs,num_seqs_unfiltered,perc_filtered,n_eff,n_eff_l,seq_len,num_cov,perc_cov
DTNA_HUMAN_Beltran_2025_PF00569_235,53287,53319,0.9993998387066524,3156.7884183585966,52.61314030597661,60,52,0.8666666666666667
