protein,num_seqs,num_seqs_unfiltered,perc_filtered,n_eff,n_eff_l,seq_len,num_cov,perc_cov
DVL1_HUMAN_Beltran_2025_PF00778_4,13349,13362,0.9990270917527316,262.50750934597113,3.365480889050912,78,72,0.9230769230769231
