protein,num_seqs,num_seqs_unfiltered,perc_filtered,n_eff,n_eff_l,seq_len,num_cov,perc_cov
DVL1_HUMAN_Beltran_2025_PF00595_246,592066,592516,0.9992405268380938,7029.846916048968,75.58975178547277,93,80,0.8602150537634409
