protein,num_seqs,num_seqs_unfiltered,perc_filtered,n_eff,n_eff_l,seq_len,num_cov,perc_cov
ELB3B_HUMAN_Beltran_2025_PF08711_3,9885,9900,0.9984848484848485,645.5514797859419,8.276301022896691,78,69,0.8846153846153846
