protein,num_seqs,num_seqs_unfiltered,perc_filtered,n_eff,n_eff_l,seq_len,num_cov,perc_cov
ELF3_HUMAN_Beltran_2025_PF02198_50,3003,3027,0.9920713577799801,125.46786579780607,1.5300959243634886,82,73,0.8902439024390244
