protein,num_seqs,num_seqs_unfiltered,perc_filtered,n_eff,n_eff_l,seq_len,num_cov,perc_cov
ELF5_HUMAN_Beltran_2025_PF02198_47,2997,3023,0.9913992722461131,119.8134519008488,1.4435355650704675,83,73,0.8795180722891566
