protein,num_seqs,num_seqs_unfiltered,perc_filtered,n_eff,n_eff_l,seq_len,num_cov,perc_cov
ELOF1_HUMAN_Beltran_2025_PF05129_3,3040,3057,0.994438992476284,465.6607112893622,6.047541705056652,77,76,0.987012987012987
