protein,num_seqs,num_seqs_unfiltered,perc_filtered,n_eff,n_eff_l,seq_len,num_cov,perc_cov
EPS8_HUMAN_Beltran_2025_PF18016_720,7573,7583,0.9986812607147567,293.92779294610307,4.9818269990864925,59,57,0.9661016949152542
