protein,num_seqs,num_seqs_unfiltered,perc_filtered,n_eff,n_eff_l,seq_len,num_cov,perc_cov
EPS8_HUMAN_Beltran_2025_PF00018_533,70277,70338,0.9991327589638602,2667.0656452034455,45.98389043454216,58,52,0.896551724137931
