protein,num_seqs,num_seqs_unfiltered,perc_filtered,n_eff,n_eff_l,seq_len,num_cov,perc_cov
ERBIN_HUMAN_Beltran_2025_PF00595_1321,183488,183588,0.9994553020894612,1469.5310182639216,16.328122425154685,90,76,0.8444444444444444
