protein,num_seqs,num_seqs_unfiltered,perc_filtered,n_eff,n_eff_l,seq_len,num_cov,perc_cov
ERG_HUMAN_Beltran_2025_PF02198_117,16204,16236,0.9980290711998029,536.2682987014014,6.620596280264214,81,73,0.9012345679012346
