protein,num_seqs,num_seqs_unfiltered,perc_filtered,n_eff,n_eff_l,seq_len,num_cov,perc_cov
ERR2_HUMAN_Beltran_2025_PF00105_100,103556,103793,0.9977166090198761,3206.131940262497,41.6380771462662,77,72,0.935064935064935
