protein,num_seqs,num_seqs_unfiltered,perc_filtered,n_eff,n_eff_l,seq_len,num_cov,perc_cov
ETS1_HUMAN_Beltran_2025_PF02198_55,16437,16471,0.997935765891567,559.6185165543824,6.908870574745461,81,73,0.9012345679012346
