protein,num_seqs,num_seqs_unfiltered,perc_filtered,n_eff,n_eff_l,seq_len,num_cov,perc_cov
FANCL_HUMAN_Beltran_2025_PF11793_305,3017,3018,0.9996686547382373,276.45457817837246,4.126187734005559,67,64,0.9552238805970149
