protein,num_seqs,num_seqs_unfiltered,perc_filtered,n_eff,n_eff_l,seq_len,num_cov,perc_cov
FCSD1_HUMAN_Beltran_2025_PF14604_467,20639,20650,0.9994673123486683,251.36998684407172,4.054354626517286,62,55,0.8870967741935484
