protein,num_seqs,num_seqs_unfiltered,perc_filtered,n_eff,n_eff_l,seq_len,num_cov,perc_cov
FEZF1_HUMAN_Beltran_2025_PF00096_289,645261,645870,0.9990570857912583,1813.46897642701,82.43040801940954,22,21,0.9545454545454546
