protein,num_seqs,num_seqs_unfiltered,perc_filtered,n_eff,n_eff_l,seq_len,num_cov,perc_cov
FHL1_HUMAN_Beltran_2025_PF00412_160,183470,183603,0.9992756109649624,4033.5231263733517,72.02719868523842,56,52,0.9285714285714286
