protein,num_seqs,num_seqs_unfiltered,perc_filtered,n_eff,n_eff_l,seq_len,num_cov,perc_cov
FHL2_HUMAN_Beltran_2025_PF00412_38,225362,225551,0.9991620520414451,5710.7543467968235,95.17923911328039,60,53,0.8833333333333333
