protein,num_seqs,num_seqs_unfiltered,perc_filtered,n_eff,n_eff_l,seq_len,num_cov,perc_cov
FLI1_HUMAN_Beltran_2025_PF02198_116,16040,16072,0.9980089596814335,539.9804706050019,6.585127690304901,82,75,0.9146341463414634
