protein,num_seqs,num_seqs_unfiltered,perc_filtered,n_eff,n_eff_l,seq_len,num_cov,perc_cov
FLNB_HUMAN_Beltran_2025_PF00630_1423,175147,175386,0.9986372914599797,2545.5832166410364,28.284257962678183,90,85,0.9444444444444444
