protein,num_seqs,num_seqs_unfiltered,perc_filtered,n_eff,n_eff_l,seq_len,num_cov,perc_cov
FMR1_HUMAN_Beltran_2025_PF00013_217,9063,9068,0.9994486104984561,172.00728671110105,2.606171010774258,66,64,0.9696969696969697
