protein,num_seqs,num_seqs_unfiltered,perc_filtered,n_eff,n_eff_l,seq_len,num_cov,perc_cov
FNBP4_HUMAN_Beltran_2025_PF00397_200,1823,1826,0.9983570646221248,106.51591307773658,1.7179985980280095,62,58,0.9354838709677419
