protein,num_seqs,num_seqs_unfiltered,perc_filtered,n_eff,n_eff_l,seq_len,num_cov,perc_cov
FNBP4_HUMAN_Beltran_2025_PF00397_593,74959,74984,0.999666595540382,3157.8388020076177,71.76906368199131,44,32,0.7272727272727273
