protein,num_seqs,num_seqs_unfiltered,perc_filtered,n_eff,n_eff_l,seq_len,num_cov,perc_cov
FUBP3_HUMAN_Beltran_2025_PF00013_75,103956,104036,0.9992310354108194,2417.3666250009496,31.80745559211776,76,66,0.868421052631579
