protein,num_seqs,num_seqs_unfiltered,perc_filtered,n_eff,n_eff_l,seq_len,num_cov,perc_cov
FUBP2_HUMAN_Beltran_2025_PF00013_142,116048,116137,0.9992336636902968,2793.766371601692,38.270772213721806,73,65,0.8904109589041096
