protein,num_seqs,num_seqs_unfiltered,perc_filtered,n_eff,n_eff_l,seq_len,num_cov,perc_cov
GFI1_HUMAN_Beltran_2025_PF00096_313,515484,515927,0.9991413513927357,1320.1771001667867,60.00805000758121,22,21,0.9545454545454546
