protein,num_seqs,num_seqs_unfiltered,perc_filtered,n_eff,n_eff_l,seq_len,num_cov,perc_cov
GFI1B_HUMAN_Beltran_2025_PF00096_221,522238,522703,0.999110393473923,1093.7051192035515,49.71386905470688,22,21,0.9545454545454546
