protein,num_seqs,num_seqs_unfiltered,perc_filtered,n_eff,n_eff_l,seq_len,num_cov,perc_cov
GLIS3_HUMAN_Beltran_2025_PF00096_473,33128,33136,0.9997585707387735,1001.4399904540905,41.72666626892044,24,22,0.9166666666666666
