protein,num_seqs,num_seqs_unfiltered,perc_filtered,n_eff,n_eff_l,seq_len,num_cov,perc_cov
GRB2_HUMAN_Beltran_2025_PF00018_159,133986,134065,0.9994107335993735,3562.475157489254,63.615627812308105,56,50,0.8928571428571429
