protein,num_seqs,num_seqs_unfiltered,perc_filtered,n_eff,n_eff_l,seq_len,num_cov,perc_cov
GRIP1_HUMAN_Beltran_2025_PF00595_666,237718,237857,0.9994156152646337,1894.5939549692293,20.81971379087065,91,80,0.8791208791208791
