protein,num_seqs,num_seqs_unfiltered,perc_filtered,n_eff,n_eff_l,seq_len,num_cov,perc_cov
GRP1_HUMAN_Beltran_2025_PF00130_539,131169,131256,0.9993371731577985,1989.1427335424598,36.166231518953815,55,50,0.9090909090909091
