protein,num_seqs,num_seqs_unfiltered,perc_filtered,n_eff,n_eff_l,seq_len,num_cov,perc_cov
GSC_HUMAN_Beltran_2025_PF00046_162,238138,238722,0.9975536397985941,4612.352642249495,82.36344004016955,56,55,0.9821428571428571
