protein,num_seqs,num_seqs_unfiltered,perc_filtered,n_eff,n_eff_l,seq_len,num_cov,perc_cov
GSX2_HUMAN_Beltran_2025_PF00046_204,238541,239110,0.9976203421019615,4541.727515960403,81.10227707072148,56,55,0.9821428571428571
