protein,num_seqs,num_seqs_unfiltered,perc_filtered,n_eff,n_eff_l,seq_len,num_cov,perc_cov
H1T_HUMAN_Beltran_2025_PF00538_44,18553,18645,0.9950657012603915,1409.0298594937492,20.420722601358683,69,66,0.9565217391304348
