protein,num_seqs,num_seqs_unfiltered,perc_filtered,n_eff,n_eff_l,seq_len,num_cov,perc_cov
HCK_HUMAN_Beltran_2025_PF00018_80,95265,95337,0.9992447842915133,3015.9038144474384,51.99834162840411,58,50,0.8620689655172413
