protein,num_seqs,num_seqs_unfiltered,perc_filtered,n_eff,n_eff_l,seq_len,num_cov,perc_cov
HECW2_HUMAN_Beltran_2025_PF00397_800,167841,167922,0.9995176331868367,3058.2536380157258,67.96119195590502,45,33,0.7333333333333333
