protein,num_seqs,num_seqs_unfiltered,perc_filtered,n_eff,n_eff_l,seq_len,num_cov,perc_cov
HERC2_HUMAN_Beltran_2025_PF11515_2555,5712,5732,0.9965108164689462,79.1965231259638,1.0420595148153131,76,72,0.9473684210526315
