protein,num_seqs,num_seqs_unfiltered,perc_filtered,n_eff,n_eff_l,seq_len,num_cov,perc_cov
HESX1_HUMAN_Beltran_2025_PF00046_110,241724,242307,0.9975939613795722,4756.378167854965,84.93532442598152,56,55,0.9821428571428571
