protein,num_seqs,num_seqs_unfiltered,perc_filtered,n_eff,n_eff_l,seq_len,num_cov,perc_cov
HNRPU_HUMAN_Beltran_2025_PF02037_6,38083,38143,0.9984269721836248,3434.930280931536,83.77878733979355,41,33,0.8048780487804879
