protein,num_seqs,num_seqs_unfiltered,perc_filtered,n_eff,n_eff_l,seq_len,num_cov,perc_cov
HUWE1_HUMAN_Beltran_2025_PF00627_1316,46787,46805,0.9996154257023823,3261.460199221978,79.54780973712143,41,35,0.8536585365853658
