protein,num_seqs,num_seqs_unfiltered,perc_filtered,n_eff,n_eff_l,seq_len,num_cov,perc_cov
HXB1_HUMAN_Beltran_2025_PF00046_208,233759,234276,0.9977932011815124,4695.190866530164,88.58850691566347,53,52,0.9811320754716981
