protein,num_seqs,num_seqs_unfiltered,perc_filtered,n_eff,n_eff_l,seq_len,num_cov,perc_cov
ITCH_HUMAN_Beltran_2025_PF00397_474,86334,86372,0.9995600426064002,1302.9508153703155,24.12871880315399,54,38,0.7037037037037037
