protein,num_seqs,num_seqs_unfiltered,perc_filtered,n_eff,n_eff_l,seq_len,num_cov,perc_cov
ITH5_CUCMA_Beltran_2025_PF00280_1,3347,3353,0.9982105577095138,1118.6068326027516,16.45010047945223,68,64,0.9411764705882353
