protein,num_seqs,num_seqs_unfiltered,perc_filtered,n_eff,n_eff_l,seq_len,num_cov,perc_cov
ITK_HUMAN_Beltran_2025_PF00018_172,107705,107783,0.9992763237245206,3441.9665006402565,58.3384152650891,59,51,0.864406779661017
