protein,num_seqs,num_seqs_unfiltered,perc_filtered,n_eff,n_eff_l,seq_len,num_cov,perc_cov
ITSN1_HUMAN_Beltran_2025_PF00018_1156,120252,120323,0.999409921627619,2770.9279402023158,47.77461965866062,58,51,0.8793103448275862
