protein,num_seqs,num_seqs_unfiltered,perc_filtered,n_eff,n_eff_l,seq_len,num_cov,perc_cov
ITSN1_HUMAN_Beltran_2025_PF00018_909,193984,194108,0.9993611803738125,5055.162195446976,80.24066976899961,63,52,0.8253968253968254
