protein,num_seqs,num_seqs_unfiltered,perc_filtered,n_eff,n_eff_l,seq_len,num_cov,perc_cov
ITSN1_HUMAN_Beltran_2025_PF07653_1003,105971,106032,0.9994247019767617,2789.763480042209,48.94321894810893,57,50,0.8771929824561403
