protein,num_seqs,num_seqs_unfiltered,perc_filtered,n_eff,n_eff_l,seq_len,num_cov,perc_cov
KCMF1_HUMAN_Beltran_2025_PF05605_76,5813,5835,0.9962296486718081,339.2029989227122,5.471016111656648,62,60,0.967741935483871
