protein,num_seqs,num_seqs_unfiltered,perc_filtered,n_eff,n_eff_l,seq_len,num_cov,perc_cov
KDM2B_HUMAN_Beltran_2025_PF16866_656,8040,8046,0.9992542878448919,120.82129610875637,1.8033029269963639,67,63,0.9402985074626866
