protein,num_seqs,num_seqs_unfiltered,perc_filtered,n_eff,n_eff_l,seq_len,num_cov,perc_cov
KLF11_HUMAN_Beltran_2025_PF00096_395,100762,100808,0.9995436870089676,1645.2165504401505,68.55068960167294,24,21,0.875
