protein,num_seqs,num_seqs_unfiltered,perc_filtered,n_eff,n_eff_l,seq_len,num_cov,perc_cov
KMT2A_HUMAN_Beltran_2025_PF02008_1148,23028,23036,0.9996527174856746,437.6928549738429,9.312613935613678,47,45,0.9574468085106383
