protein,num_seqs,num_seqs_unfiltered,perc_filtered,n_eff,n_eff_l,seq_len,num_cov,perc_cov
KPCD_HUMAN_Beltran_2025_PF00130_228,125963,126048,0.9993256537192181,1830.8964372359928,33.2890261315635,55,50,0.9090909090909091
