protein,num_seqs,num_seqs_unfiltered,perc_filtered,n_eff,n_eff_l,seq_len,num_cov,perc_cov
LCK_HUMAN_Beltran_2025_PF00018_63,109304,109382,0.9992869027810791,3474.15390177083,59.899205202945346,58,50,0.8620689655172413
