protein,num_seqs,num_seqs_unfiltered,perc_filtered,n_eff,n_eff_l,seq_len,num_cov,perc_cov
LS14A_HUMAN_Beltran_2025_PF12701_7,9369,9382,0.9986143679386058,374.31757437921164,5.1276380051946795,73,72,0.9863013698630136
