protein,num_seqs,num_seqs_unfiltered,perc_filtered,n_eff,n_eff_l,seq_len,num_cov,perc_cov
M3K20_HUMAN_Beltran_2025_PF00536_330,45312,45357,0.9990078708909319,2960.3076006639712,35.241757150761565,84,66,0.7857142857142857
