protein,num_seqs,num_seqs_unfiltered,perc_filtered,n_eff,n_eff_l,seq_len,num_cov,perc_cov
MAD1_HUMAN_Beltran_2025_PF00010_58,16384,16428,0.9973216459702946,461.87150263750397,8.882144281490461,52,49,0.9423076923076923
