protein,num_seqs,num_seqs_unfiltered,perc_filtered,n_eff,n_eff_l,seq_len,num_cov,perc_cov
MAEL_HUMAN_Beltran_2025_PF09011_3,10189,10242,0.9948252294473735,941.460386402576,13.64435342612429,69,63,0.9130434782608695
