protein,num_seqs,num_seqs_unfiltered,perc_filtered,n_eff,n_eff_l,seq_len,num_cov,perc_cov
MAGI3_HUMAN_Beltran_2025_PF00397_287,172994,173076,0.9995262196953939,3017.4156938771066,70.17245799714202,43,33,0.7674418604651163
