protein,num_seqs,num_seqs_unfiltered,perc_filtered,n_eff,n_eff_l,seq_len,num_cov,perc_cov
MAGI2_HUMAN_Beltran_2025_PF00397_296,170395,170480,0.99950140778977,2601.8142618683796,57.818094708186216,45,34,0.7555555555555555
