protein,num_seqs,num_seqs_unfiltered,perc_filtered,n_eff,n_eff_l,seq_len,num_cov,perc_cov
MAGI2_HUMAN_Beltran_2025_PF00595_774,389557,389760,0.9994791666666667,3414.0838528747126,38.79640741903083,88,80,0.9090909090909091
