protein,num_seqs,num_seqs_unfiltered,perc_filtered,n_eff,n_eff_l,seq_len,num_cov,perc_cov
MAGI1_HUMAN_Beltran_2025_PF00397_294,153630,153708,0.9994925443047857,2132.4004133984804,46.35653072605392,46,34,0.7391304347826086
