protein,num_seqs,num_seqs_unfiltered,perc_filtered,n_eff,n_eff_l,seq_len,num_cov,perc_cov
MAGI2_HUMAN_Beltran_2025_PF00595_1144,432755,433029,0.9993672479210399,4134.737130444831,49.22306107672417,84,79,0.9404761904761905
