protein,num_seqs,num_seqs_unfiltered,perc_filtered,n_eff,n_eff_l,seq_len,num_cov,perc_cov
MASTR_HUMAN_Beltran_2025_PF02037_170,38709,38768,0.9984781262897234,3308.3590882632407,94.52454537894974,35,31,0.8857142857142857
