protein,num_seqs,num_seqs_unfiltered,perc_filtered,n_eff,n_eff_l,seq_len,num_cov,perc_cov
MDM4_HUMAN_Beltran_2025_PF00641_299,3746,3749,0.9991997866097626,97.27926999446056,3.138040967563244,31,28,0.9032258064516129
