protein,num_seqs,num_seqs_unfiltered,perc_filtered,n_eff,n_eff_l,seq_len,num_cov,perc_cov
MEX3D_HUMAN_Beltran_2025_PF00013_273,150336,150464,0.9991492981709911,4942.164770191642,72.67889367928885,68,60,0.8823529411764706
