protein,num_seqs,num_seqs_unfiltered,perc_filtered,n_eff,n_eff_l,seq_len,num_cov,perc_cov
MEX3C_HUMAN_Beltran_2025_PF00013_325,151454,151580,0.9991687557725294,4630.281209303622,69.1086747657257,67,58,0.8656716417910447
