protein,num_seqs,num_seqs_unfiltered,perc_filtered,n_eff,n_eff_l,seq_len,num_cov,perc_cov
MKRN1_HUMAN_Beltran_2025_PF00642_89,33030,33037,0.9997881163543906,1795.2669889560264,81.60304495254665,22,20,0.9090909090909091
