protein,num_seqs,num_seqs_unfiltered,perc_filtered,n_eff,n_eff_l,seq_len,num_cov,perc_cov
MPDZ_HUMAN_Beltran_2025_PF00595_693,88576,88634,0.9993456235756031,609.6358973598165,6.350373930831421,96,88,0.9166666666666666
