protein,num_seqs,num_seqs_unfiltered,perc_filtered,n_eff,n_eff_l,seq_len,num_cov,perc_cov
MPDZ_HUMAN_Beltran_2025_PF00595_1860,362039,362287,0.9993154598426109,3450.9007127208597,40.59883191436305,85,79,0.9294117647058824
