protein,num_seqs,num_seqs_unfiltered,perc_filtered,n_eff,n_eff_l,seq_len,num_cov,perc_cov
MPDZ_HUMAN_Beltran_2025_PF00595_372,307540,307734,0.9993695854211754,2784.2896989230135,30.264018466554493,92,83,0.9021739130434783
