protein,num_seqs,num_seqs_unfiltered,perc_filtered,n_eff,n_eff_l,seq_len,num_cov,perc_cov
MPP3_HUMAN_Beltran_2025_PF00595_132,28870,28905,0.9987891368275384,350.8438924469924,3.9420662072695776,89,84,0.9438202247191011
