protein,num_seqs,num_seqs_unfiltered,perc_filtered,n_eff,n_eff_l,seq_len,num_cov,perc_cov
MTA3_HUMAN_Beltran_2025_PF00249_265,47717,47751,0.9992879730267429,1100.7277328830867,20.768447790246917,53,47,0.8867924528301887
