protein,num_seqs,num_seqs_unfiltered,perc_filtered,n_eff,n_eff_l,seq_len,num_cov,perc_cov
MTL5_HUMAN_Beltran_2025_PF03638_368,16483,16489,0.9996361210503972,675.1740963627736,18.754836010077046,36,34,0.9444444444444444
