protein,num_seqs,num_seqs_unfiltered,perc_filtered,n_eff,n_eff_l,seq_len,num_cov,perc_cov
MXI1_HUMAN_Beltran_2025_PF00010_70,14179,14216,0.997397298818233,330.9691120131094,6.489590431629596,51,48,0.9411764705882353
