protein,num_seqs,num_seqs_unfiltered,perc_filtered,n_eff,n_eff_l,seq_len,num_cov,perc_cov
MYO1E_HUMAN_Beltran_2025_PF00018_1051,114532,114598,0.999424073718564,2755.413048756206,47.50712153027941,58,52,0.896551724137931
