protein,num_seqs,num_seqs_unfiltered,perc_filtered,n_eff,n_eff_l,seq_len,num_cov,perc_cov
MYSM1_HUMAN_Beltran_2025_PF00249_120,24310,24330,0.9991779695848746,1095.359843617155,25.47348473528268,43,42,0.9767441860465116
