protein,num_seqs,num_seqs_unfiltered,perc_filtered,n_eff,n_eff_l,seq_len,num_cov,perc_cov
NCF1_HUMAN_Beltran_2025_PF00018_157,23444,23468,0.9989773308334754,334.09955328138574,5.06211444365736,66,57,0.8636363636363636
