protein,num_seqs,num_seqs_unfiltered,perc_filtered,n_eff,n_eff_l,seq_len,num_cov,perc_cov
NCF2_HUMAN_Beltran_2025_PF00564_353,2112,2116,0.998109640831758,189.91848995151082,2.532246532686811,75,73,0.9733333333333334
