protein,num_seqs,num_seqs_unfiltered,perc_filtered,n_eff,n_eff_l,seq_len,num_cov,perc_cov
NCF2_HUMAN_Beltran_2025_PF00018_456,71460,71490,0.9995803608896349,1507.16142178073,25.545108843741186,59,52,0.8813559322033898
