protein,num_seqs,num_seqs_unfiltered,perc_filtered,n_eff,n_eff_l,seq_len,num_cov,perc_cov
NCOR2_HUMAN_Beltran_2025_PF00249_613,57496,57518,0.9996175110400223,1467.850172056437,25.30776158717995,58,48,0.8275862068965517
