protein,num_seqs,num_seqs_unfiltered,perc_filtered,n_eff,n_eff_l,seq_len,num_cov,perc_cov
NED4L_HUMAN_Beltran_2025_PF00397_539,106619,106668,0.9995406307421157,1648.8340822918594,32.33008004493842,51,38,0.7450980392156863
