protein,num_seqs,num_seqs_unfiltered,perc_filtered,n_eff,n_eff_l,seq_len,num_cov,perc_cov
NED4L_HUMAN_Beltran_2025_PF00397_381,181506,181586,0.9995594374015618,3137.5336675316935,71.30758335299303,44,32,0.7272727272727273
