protein,num_seqs,num_seqs_unfiltered,perc_filtered,n_eff,n_eff_l,seq_len,num_cov,perc_cov
NED4L_HUMAN_Beltran_2025_PF00397_184,121985,122044,0.9995165677952214,1666.2601235146926,34.005308643156994,49,36,0.7346938775510204
