protein,num_seqs,num_seqs_unfiltered,perc_filtered,n_eff,n_eff_l,seq_len,num_cov,perc_cov
NEIL3_HUMAN_Beltran_2025_PF00641_316,12370,12375,0.9995959595959596,1295.2674800603454,43.17558266867818,30,25,0.8333333333333334
