protein,num_seqs,num_seqs_unfiltered,perc_filtered,n_eff,n_eff_l,seq_len,num_cov,perc_cov
NR4A2_HUMAN_Beltran_2025_PF00105_260,103535,103767,0.997764221766072,3200.1811732265105,41.56079445748715,77,72,0.935064935064935
