protein,num_seqs,num_seqs_unfiltered,perc_filtered,n_eff,n_eff_l,seq_len,num_cov,perc_cov
ODP2_GEOSE_Beltran_2025_PF02817_126,42439,42478,0.9990818776778567,2521.4037606610013,52.52924501377086,48,41,0.8541666666666666
