protein,num_seqs,num_seqs_unfiltered,perc_filtered,n_eff,n_eff_l,seq_len,num_cov,perc_cov
OTX2_HUMAN_Beltran_2025_PF00046_40,238012,238576,0.997635973442425,4531.099014279501,80.91248239784822,56,54,0.9642857142857143
