protein,num_seqs,num_seqs_unfiltered,perc_filtered,n_eff,n_eff_l,seq_len,num_cov,perc_cov
P63_HUMAN_Beltran_2025_PF07647_545,130263,130333,0.9994629142274021,4464.719027909394,67.64725799862718,66,54,0.8181818181818182
