protein,num_seqs,num_seqs_unfiltered,perc_filtered,n_eff,n_eff_l,seq_len,num_cov,perc_cov
P66B_HUMAN_Beltran_2025_PF00320_415,7219,7225,0.9991695501730103,236.63694366788627,5.77163277238747,41,39,0.9512195121951219
