protein,num_seqs,num_seqs_unfiltered,perc_filtered,n_eff,n_eff_l,seq_len,num_cov,perc_cov
P73_HUMAN_Beltran_2025_PF07647_487,60304,60338,0.9994365076734396,1534.3769755637732,24.355190088313858,63,55,0.873015873015873
