protein,num_seqs,num_seqs_unfiltered,perc_filtered,n_eff,n_eff_l,seq_len,num_cov,perc_cov
PACN3_HUMAN_Beltran_2025_PF14604_365,8986,8996,0.9988883948421521,120.33663063472555,2.039603909063145,59,57,0.9661016949152542
