protein,num_seqs,num_seqs_unfiltered,perc_filtered,n_eff,n_eff_l,seq_len,num_cov,perc_cov
PACN2_HUMAN_Beltran_2025_PF00018_428,223391,223520,0.99942287043665,5818.739224531183,98.6226987208675,59,51,0.864406779661017
