protein,num_seqs,num_seqs_unfiltered,perc_filtered,n_eff,n_eff_l,seq_len,num_cov,perc_cov
PAX7_HUMAN_Beltran_2025_PF00046_219,237615,238182,0.9976194674660553,4588.7302548638845,81.94161169399794,56,55,0.9821428571428571
