protein,num_seqs,num_seqs_unfiltered,perc_filtered,n_eff,n_eff_l,seq_len,num_cov,perc_cov
PB1_HUMAN_Beltran_2025_PF00505_1383,119141,119366,0.9981150411339913,5741.942124422235,92.61196974874572,62,59,0.9516129032258065
