protein,num_seqs,num_seqs_unfiltered,perc_filtered,n_eff,n_eff_l,seq_len,num_cov,perc_cov
PCBP1_HUMAN_Beltran_2025_PF00013_278,121914,122026,0.9990821628177602,2994.595731858831,41.02185934053193,73,65,0.8904109589041096
