protein,num_seqs,num_seqs_unfiltered,perc_filtered,n_eff,n_eff_l,seq_len,num_cov,perc_cov
PHX2A_HUMAN_Beltran_2025_PF00046_92,235574,236140,0.9976031167951216,4465.102953564692,79.73398131365522,56,55,0.9821428571428571
