protein,num_seqs,num_seqs_unfiltered,perc_filtered,n_eff,n_eff_l,seq_len,num_cov,perc_cov
PKN1_HUMAN_Beltran_2025_PF02185_129,16931,16949,0.998937990441914,136.84752326318218,2.243402020707905,61,56,0.9180327868852459
