protein,num_seqs,num_seqs_unfiltered,perc_filtered,n_eff,n_eff_l,seq_len,num_cov,perc_cov
PMS1_HUMAN_Beltran_2025_PF00505_572,120075,120335,0.9978393651057464,6105.289505612812,92.50438644867897,66,62,0.9393939393939394
