protein,num_seqs,num_seqs_unfiltered,perc_filtered,n_eff,n_eff_l,seq_len,num_cov,perc_cov
PO2F1_HUMAN_Beltran_2025_PF00157_285,23352,23417,0.9972242388008712,123.49858916334176,1.7642655594763108,70,69,0.9857142857142858
