protein,num_seqs,num_seqs_unfiltered,perc_filtered,n_eff,n_eff_l,seq_len,num_cov,perc_cov
PO3F2_HUMAN_Beltran_2025_PF00046_356,43349,43419,0.9983878025749096,1055.7836659701356,18.853279749466708,56,55,0.9821428571428571
