protein,num_seqs,num_seqs_unfiltered,perc_filtered,n_eff,n_eff_l,seq_len,num_cov,perc_cov
PO3F2_HUMAN_Beltran_2025_PF00157_262,23170,23239,0.997030853306941,135.46054266502347,1.7592278268184867,77,75,0.974025974025974
