protein,num_seqs,num_seqs_unfiltered,perc_filtered,n_eff,n_eff_l,seq_len,num_cov,perc_cov
PO3F3_HUMAN_Beltran_2025_PF00046_408,43523,43594,0.998371335504886,1067.9639177666672,19.070784245833345,56,55,0.9821428571428571
