protein,num_seqs,num_seqs_unfiltered,perc_filtered,n_eff,n_eff_l,seq_len,num_cov,perc_cov
PO4F1_HUMAN_Beltran_2025_PF00157_266,23033,23102,0.997013245606441,117.03942552946187,1.4273100674324617,82,71,0.8658536585365854
