protein,num_seqs,num_seqs_unfiltered,perc_filtered,n_eff,n_eff_l,seq_len,num_cov,perc_cov
PO4F2_HUMAN_Beltran_2025_PF00157_256,23159,23223,0.9972441114412436,113.2609130886921,1.5730682373429459,72,68,0.9444444444444444
