protein,num_seqs,num_seqs_unfiltered,perc_filtered,n_eff,n_eff_l,seq_len,num_cov,perc_cov
PO4F3_HUMAN_Beltran_2025_PF00157_185,23153,23217,0.9972433992333204,112.51154463955368,1.5626603422160232,72,68,0.9444444444444444
