protein,num_seqs,num_seqs_unfiltered,perc_filtered,n_eff,n_eff_l,seq_len,num_cov,perc_cov
PO6F2_HUMAN_Beltran_2025_PF00046_609,261746,262295,0.9979069368459178,4750.417610966371,86.37122929029766,55,53,0.9636363636363636
