protein,num_seqs,num_seqs_unfiltered,perc_filtered,n_eff,n_eff_l,seq_len,num_cov,perc_cov
PO6F1_HUMAN_Beltran_2025_PF00157_139,23026,23093,0.9970986879140865,140.36766262518879,1.559640695835431,90,77,0.8555555555555555
