protein,num_seqs,num_seqs_unfiltered,perc_filtered,n_eff,n_eff_l,seq_len,num_cov,perc_cov
PPARD_HUMAN_Beltran_2025_PF00105_71,103641,103858,0.9979106087157465,3241.3730160356718,43.21830688047562,75,70,0.9333333333333333
