protein,num_seqs,num_seqs_unfiltered,perc_filtered,n_eff,n_eff_l,seq_len,num_cov,perc_cov
PPIP1_HUMAN_Beltran_2025_PF00018_361,152676,152760,0.9994501178318932,2993.8840212847686,53.462214665799436,56,51,0.9107142857142857
