protein,num_seqs,num_seqs_unfiltered,perc_filtered,n_eff,n_eff_l,seq_len,num_cov,perc_cov
PR40A_HUMAN_Beltran_2025_PF00397_176,23744,23767,0.9990322716371439,1056.3529884018176,20.712803694153287,51,37,0.7254901960784313
