protein,num_seqs,num_seqs_unfiltered,perc_filtered,n_eff,n_eff_l,seq_len,num_cov,perc_cov
PR40B_HUMAN_Beltran_2025_PF01846_274,16057,16067,0.9993776062737287,712.6305423675992,12.078483768942359,59,55,0.9322033898305084
