protein,num_seqs,num_seqs_unfiltered,perc_filtered,n_eff,n_eff_l,seq_len,num_cov,perc_cov
PR40A_HUMAN_Beltran_2025_PF01846_459,7400,7404,0.9994597514856834,267.44971504515775,4.952772500836255,54,53,0.9814814814814815
