protein,num_seqs,num_seqs_unfiltered,perc_filtered,n_eff,n_eff_l,seq_len,num_cov,perc_cov
PROP1_HUMAN_Beltran_2025_PF00046_71,238426,239000,0.9975983263598326,4619.418199802334,82.48961071075597,56,55,0.9821428571428571
