protein,num_seqs,num_seqs_unfiltered,perc_filtered,n_eff,n_eff_l,seq_len,num_cov,perc_cov
PRRX1_HUMAN_Beltran_2025_PF00046_96,239158,239741,0.9975682090255734,4637.129314287447,82.80588061227584,56,55,0.9821428571428571
