protein,num_seqs,num_seqs_unfiltered,perc_filtered,n_eff,n_eff_l,seq_len,num_cov,perc_cov
PZRN3_HUMAN_Beltran_2025_PF00595_244,207136,207254,0.9994306503131424,1798.8089902838633,18.934831476672244,95,83,0.8736842105263158
