protein,num_seqs,num_seqs_unfiltered,perc_filtered,n_eff,n_eff_l,seq_len,num_cov,perc_cov
R113A_HUMAN_Beltran_2025_PF00642_198,13927,13932,0.9996411139821992,758.7179122448485,30.348716489793944,25,23,0.92
