protein,num_seqs,num_seqs_unfiltered,perc_filtered,n_eff,n_eff_l,seq_len,num_cov,perc_cov
RARB_HUMAN_Beltran_2025_PF00105_85,103544,103781,0.9977163449957122,3202.8438755233965,41.595375006797354,77,72,0.935064935064935
