protein,num_seqs,num_seqs_unfiltered,perc_filtered,n_eff,n_eff_l,seq_len,num_cov,perc_cov
RASL2_HUMAN_Beltran_2025_PF00779_682,21988,22005,0.9992274483072029,649.1902041495625,23.185364433912948,28,25,0.8928571428571429
