protein,num_seqs,num_seqs_unfiltered,perc_filtered,n_eff,n_eff_l,seq_len,num_cov,perc_cov
RBM10_HUMAN_Beltran_2025_PF00641_216,39114,39142,0.9992846558683767,2485.9306656291587,95.61271790881379,26,25,0.9615384615384616
