protein,num_seqs,num_seqs_unfiltered,perc_filtered,n_eff,n_eff_l,seq_len,num_cov,perc_cov
RBP2_HUMAN_Beltran_2025_PF00641_1414,28004,28027,0.9991793627573411,1535.9666987077107,51.19888995692369,30,26,0.8666666666666667
