protein,num_seqs,num_seqs_unfiltered,perc_filtered,n_eff,n_eff_l,seq_len,num_cov,perc_cov
RCOR1_HUMAN_Beltran_2025_PF00249_383,30154,30160,0.9998010610079575,784.9332725903992,12.264582384224987,64,50,0.78125
