protein,num_seqs,num_seqs_unfiltered,perc_filtered,n_eff,n_eff_l,seq_len,num_cov,perc_cov
RCOR3_HUMAN_Beltran_2025_PF00249_87,61324,61350,0.9995762021189895,1404.3366637571207,29.257013828273347,48,44,0.9166666666666666
