protein,num_seqs,num_seqs_unfiltered,perc_filtered,n_eff,n_eff_l,seq_len,num_cov,perc_cov
RD23B_HUMAN_Beltran_2025_PF00627_361,9726,9732,0.9993834771886559,587.8348795144623,13.062997322543605,45,41,0.9111111111111111
