protein,num_seqs,num_seqs_unfiltered,perc_filtered,n_eff,n_eff_l,seq_len,num_cov,perc_cov
RED1_HUMAN_Beltran_2025_PF00035_80,22339,22359,0.9991055056129523,382.45367275542714,6.2697323402529035,61,59,0.9672131147540983
