protein,num_seqs,num_seqs_unfiltered,perc_filtered,n_eff,n_eff_l,seq_len,num_cov,perc_cov
RIPK2_HUMAN_Beltran_2025_PF00619_438,15279,15348,0.9955043002345583,1613.8722995956725,19.92434937772435,81,71,0.8765432098765432
