protein,num_seqs,num_seqs_unfiltered,perc_filtered,n_eff,n_eff_l,seq_len,num_cov,perc_cov
RL9_GEOSE_Beltran_2025_PF01281_1,45488,45590,0.9977626672515902,5241.198037765649,111.51485186735424,47,45,0.9574468085106383
