protein,num_seqs,num_seqs_unfiltered,perc_filtered,n_eff,n_eff_l,seq_len,num_cov,perc_cov
RN126_HUMAN_Beltran_2025_PF14369_11,7554,7561,0.9990741965348499,892.319041562276,29.743968052075864,30,29,0.9666666666666667
