protein,num_seqs,num_seqs_unfiltered,perc_filtered,n_eff,n_eff_l,seq_len,num_cov,perc_cov
RPC1_LAMBD_Beltran_2025_PF01381_4,3140,3146,0.9980928162746344,596.5048902622664,7.848748556082453,76,75,0.9868421052631579
