protein,num_seqs,num_seqs_unfiltered,perc_filtered,n_eff,n_eff_l,seq_len,num_cov,perc_cov
RSP5_YEAST_Beltran_2025_PF00397_324,178661,178748,0.9995132812674827,3129.930825790853,72.7890889718803,43,33,0.7674418604651163
