protein,num_seqs,num_seqs_unfiltered,perc_filtered,n_eff,n_eff_l,seq_len,num_cov,perc_cov
RUFY1_HUMAN_Beltran_2025_PF01363_639,89488,89565,0.9991402891754592,5481.221094187536,91.35368490312561,60,58,0.9666666666666667
