protein,num_seqs,num_seqs_unfiltered,perc_filtered,n_eff,n_eff_l,seq_len,num_cov,perc_cov
SAFB1_HUMAN_Beltran_2025_PF02037_26,17106,17124,0.9989488437281009,1264.9621800656828,22.999312364830597,55,41,0.7454545454545455
