protein,num_seqs,num_seqs_unfiltered,perc_filtered,n_eff,n_eff_l,seq_len,num_cov,perc_cov
SALL1_HUMAN_Beltran_2025_PF00096_1030,16635,16637,0.999879786019114,454.5247455328603,20.660215706039107,22,21,0.9545454545454546
