protein,num_seqs,num_seqs_unfiltered,perc_filtered,n_eff,n_eff_l,seq_len,num_cov,perc_cov
SALL4_HUMAN_Beltran_2025_PF00096_383,16898,16907,0.9994676761104868,369.2315279930727,16.783251272412397,22,21,0.9545454545454546
