protein,num_seqs,num_seqs_unfiltered,perc_filtered,n_eff,n_eff_l,seq_len,num_cov,perc_cov
SARNP_HUMAN_Beltran_2025_PF02037_3,39409,39470,0.9984545224220928,3813.0391506675446,84.73420334816765,45,35,0.7777777777777778
