protein,num_seqs,num_seqs_unfiltered,perc_filtered,n_eff,n_eff_l,seq_len,num_cov,perc_cov
SATB1_HUMAN_Beltran_2025_PF02376_494,12611,12644,0.9973900664346725,101.92297667414172,1.3773375226235367,74,68,0.918918918918919
