protein,num_seqs,num_seqs_unfiltered,perc_filtered,n_eff,n_eff_l,seq_len,num_cov,perc_cov
SATB1_HUMAN_Beltran_2025_PF02376_371,12572,12605,0.9973819912733043,90.82427207275705,1.2109902943034274,75,68,0.9066666666666666
