protein,num_seqs,num_seqs_unfiltered,perc_filtered,n_eff,n_eff_l,seq_len,num_cov,perc_cov
SATB2_HUMAN_Beltran_2025_PF02376_358,12508,12542,0.9972891085951204,87.20279422744716,1.1325038211356773,77,68,0.8831168831168831
