protein,num_seqs,num_seqs_unfiltered,perc_filtered,n_eff,n_eff_l,seq_len,num_cov,perc_cov
SCRIB_HUMAN_Beltran_2025_PF00595_857,266545,266687,0.9994675406000293,2246.809853392219,23.162988179301227,97,82,0.845360824742268
