protein,num_seqs,num_seqs_unfiltered,perc_filtered,n_eff,n_eff_l,seq_len,num_cov,perc_cov
SIX3_HUMAN_Beltran_2025_PF00046_212,157992,158146,0.999026216281158,4638.341035196748,90.94786343523035,51,46,0.9019607843137255
