protein,num_seqs,num_seqs_unfiltered,perc_filtered,n_eff,n_eff_l,seq_len,num_cov,perc_cov
SIX6_HUMAN_Beltran_2025_PF00046_134,183721,183899,0.9990320773903066,4870.211956000675,95.4943520784446,51,46,0.9019607843137255
