protein,num_seqs,num_seqs_unfiltered,perc_filtered,n_eff,n_eff_l,seq_len,num_cov,perc_cov
SMCE1_HUMAN_Beltran_2025_PF00505_67,100268,100515,0.9975426553250759,6285.439951464449,93.81253658902163,67,65,0.9701492537313433
