protein,num_seqs,num_seqs_unfiltered,perc_filtered,n_eff,n_eff_l,seq_len,num_cov,perc_cov
SMRC2_HUMAN_Beltran_2025_PF00249_599,20370,20377,0.9996564754379939,1211.116937963563,28.16551018519914,43,39,0.9069767441860465
