protein,num_seqs,num_seqs_unfiltered,perc_filtered,n_eff,n_eff_l,seq_len,num_cov,perc_cov
SNF5_HUMAN_Beltran_2025_PF04855_181,9518,9525,0.9992650918635171,854.0714617303065,12.55987443721039,68,62,0.9117647058823529
