protein,num_seqs,num_seqs_unfiltered,perc_filtered,n_eff,n_eff_l,seq_len,num_cov,perc_cov
SNTA1_HUMAN_Beltran_2025_PF00595_79,226442,226582,0.9993821221456249,1953.796381141224,21.008563238077677,93,80,0.8602150537634409
