protein,num_seqs,num_seqs_unfiltered,perc_filtered,n_eff,n_eff_l,seq_len,num_cov,perc_cov
SNTA1_MOUSE_Beltran_2025_PF00595_80,374538,374757,0.9994156213226171,3394.853352512404,39.93945120602828,85,78,0.9176470588235294
