protein,num_seqs,num_seqs_unfiltered,perc_filtered,n_eff,n_eff_l,seq_len,num_cov,perc_cov
SOX18_HUMAN_Beltran_2025_PF00505_87,93798,93988,0.9979784653360003,5159.390949833763,77.00583507214573,67,66,0.9850746268656716
