protein,num_seqs,num_seqs_unfiltered,perc_filtered,n_eff,n_eff_l,seq_len,num_cov,perc_cov
SOX2_HUMAN_Beltran_2025_PF00505_42,98552,98761,0.9978837800346291,5493.139185493739,80.78145861020205,68,67,0.9852941176470589
