protein,num_seqs,num_seqs_unfiltered,perc_filtered,n_eff,n_eff_l,seq_len,num_cov,perc_cov
SOX3_HUMAN_Beltran_2025_PF00505_140,87474,87663,0.9978440162896547,5188.522872840134,76.30180695353138,68,67,0.9852941176470589
