protein,num_seqs,num_seqs_unfiltered,perc_filtered,n_eff,n_eff_l,seq_len,num_cov,perc_cov
SOX8_HUMAN_Beltran_2025_PF00505_103,85282,85463,0.9978821244281151,4839.105425590044,71.16331508220654,68,67,0.9852941176470589
