protein,num_seqs,num_seqs_unfiltered,perc_filtered,n_eff,n_eff_l,seq_len,num_cov,perc_cov
SP7_HUMAN_Beltran_2025_PF00096_325,112837,112884,0.9995836433861309,1443.5752561494614,60.14896900622756,24,21,0.875
