protein,num_seqs,num_seqs_unfiltered,perc_filtered,n_eff,n_eff_l,seq_len,num_cov,perc_cov
SPD2B_HUMAN_Beltran_2025_PF00018_155,33185,33216,0.9990667148362236,721.8820344013982,13.12512789820724,55,52,0.9454545454545454
