protein,num_seqs,num_seqs_unfiltered,perc_filtered,n_eff,n_eff_l,seq_len,num_cov,perc_cov
SPTN1_CHICK_Beltran_2025_PF00018_968,190727,190820,0.9995126297033854,4821.831746378526,81.72596180302587,59,51,0.864406779661017
