protein,num_seqs,num_seqs_unfiltered,perc_filtered,n_eff,n_eff_l,seq_len,num_cov,perc_cov
SQSTM_HUMAN_Beltran_2025_PF16577_389,2367,2368,0.9995777027027027,197.14697519769285,3.7912879845710163,52,45,0.8653846153846154
