protein,num_seqs,num_seqs_unfiltered,perc_filtered,n_eff,n_eff_l,seq_len,num_cov,perc_cov
STAU1_HUMAN_Beltran_2025_PF00035_183,13051,13059,0.9993873956658244,242.4428835174826,3.6185505002609344,67,56,0.835820895522388
