protein,num_seqs,num_seqs_unfiltered,perc_filtered,n_eff,n_eff_l,seq_len,num_cov,perc_cov
STXB4_HUMAN_Beltran_2025_PF00397_493,168218,168284,0.999607805852012,2466.5568712018967,53.620801547867316,46,34,0.7391304347826086
