protein,num_seqs,num_seqs_unfiltered,perc_filtered,n_eff,n_eff_l,seq_len,num_cov,perc_cov
TAD2A_HUMAN_Beltran_2025_PF04433_375,5671,5676,0.9991190979563073,650.473751249174,9.855662897714758,66,64,0.9696969696969697
