protein,num_seqs,num_seqs_unfiltered,perc_filtered,n_eff,n_eff_l,seq_len,num_cov,perc_cov
TADBP_HUMAN_Beltran_2025_PF18694_5,3115,3118,0.99903784477229,244.80123539027758,3.4000171581983,72,70,0.9722222222222222
