protein,num_seqs,num_seqs_unfiltered,perc_filtered,n_eff,n_eff_l,seq_len,num_cov,perc_cov
TCRGL_HUMAN_Beltran_2025_PF01846_448,18776,18787,0.9994144887422154,669.2668056695908,11.741522906484049,57,52,0.9122807017543859
