protein,num_seqs,num_seqs_unfiltered,perc_filtered,n_eff,n_eff_l,seq_len,num_cov,perc_cov
TEANC_HUMAN_Beltran_2025_PF08711_30,17070,17078,0.9995315610727251,1064.3217279417643,22.17336933212009,48,46,0.9583333333333334
