protein,num_seqs,num_seqs_unfiltered,perc_filtered,n_eff,n_eff_l,seq_len,num_cov,perc_cov
THO1_YEAST_Beltran_2025_PF02037_1,25894,25936,0.9983806292412092,2720.039424357703,55.511008660361284,49,38,0.7755102040816326
