protein,num_seqs,num_seqs_unfiltered,perc_filtered,n_eff,n_eff_l,seq_len,num_cov,perc_cov
TIAM1_HUMAN_Beltran_2025_PF00595_843,7887,7897,0.9987336963403824,177.34401693006197,2.111238296786452,84,79,0.9404761904761905
