protein,num_seqs,num_seqs_unfiltered,perc_filtered,n_eff,n_eff_l,seq_len,num_cov,perc_cov
TOE1_HUMAN_Beltran_2025_PF00642_298,2846,2847,0.9996487530734106,294.5843431759947,12.808014920695422,23,21,0.9130434782608695
