protein,num_seqs,num_seqs_unfiltered,perc_filtered,n_eff,n_eff_l,seq_len,num_cov,perc_cov
TOX3_HUMAN_Beltran_2025_PF00505_256,120642,120909,0.9977917276629531,6424.573757200678,94.47902584118644,68,66,0.9705882352941176
