protein,num_seqs,num_seqs_unfiltered,perc_filtered,n_eff,n_eff_l,seq_len,num_cov,perc_cov
TR49C_HUMAN_Beltran_2025_PF00643_87,74688,74911,0.9970231341191548,4504.5623992805,95.84175317618086,47,39,0.8297872340425532
