protein,num_seqs,num_seqs_unfiltered,perc_filtered,n_eff,n_eff_l,seq_len,num_cov,perc_cov
TRI44_HUMAN_Beltran_2025_PF00643_174,78828,79012,0.9976712398116742,3950.0447892960856,87.77877309546857,45,38,0.8444444444444444
