protein,num_seqs,num_seqs_unfiltered,perc_filtered,n_eff,n_eff_l,seq_len,num_cov,perc_cov
TRM13_HUMAN_Beltran_2025_PF11722_18,2925,2926,0.9996582365003418,369.87549941891325,13.209839264961188,28,27,0.9642857142857143
