protein,num_seqs,num_seqs_unfiltered,perc_filtered,n_eff,n_eff_l,seq_len,num_cov,perc_cov
TYY1_HUMAN_Beltran_2025_PF00096_384,13675,13684,0.9993422975738089,254.76032977578552,10.61501374065773,24,23,0.9583333333333334
