protein,num_seqs,num_seqs_unfiltered,perc_filtered,n_eff,n_eff_l,seq_len,num_cov,perc_cov
UBE2K_HUMAN_Beltran_2025_PF00627_158,34481,34498,0.9995072178097281,2873.1870787744388,66.81830415754509,43,35,0.813953488372093
