protein,num_seqs,num_seqs_unfiltered,perc_filtered,n_eff,n_eff_l,seq_len,num_cov,perc_cov
UBE4B_HUMAN_Beltran_2025_PF04564_1229,41392,41459,0.9983839455847946,4230.881750599646,59.58988381126262,71,68,0.9577464788732394
