protein,num_seqs,num_seqs_unfiltered,perc_filtered,n_eff,n_eff_l,seq_len,num_cov,perc_cov
UBF1_HUMAN_Beltran_2025_PF00505_408,94274,94464,0.9979886517615176,4844.497477243362,78.13705608457035,62,59,0.9516129032258065
