protein,num_seqs,num_seqs_unfiltered,perc_filtered,n_eff,n_eff_l,seq_len,num_cov,perc_cov
UBX2B_HUMAN_Beltran_2025_PF00789_256,6655,6667,0.9982000899955003,721.5569808891023,9.750770012014897,74,72,0.972972972972973
