protein,num_seqs,num_seqs_unfiltered,perc_filtered,n_eff,n_eff_l,seq_len,num_cov,perc_cov
USH1C_HUMAN_Beltran_2025_PF00595_207,123241,123337,0.9992216447619124,1477.5099333027636,16.60123520564903,89,74,0.8314606741573034
