protein,num_seqs,num_seqs_unfiltered,perc_filtered,n_eff,n_eff_l,seq_len,num_cov,perc_cov
VAV_HUMAN_Beltran_2025_PF00018_782,241991,242143,0.9993722717567718,5819.449679353034,95.40081441562351,61,51,0.8360655737704918
