protein,num_seqs,num_seqs_unfiltered,perc_filtered,n_eff,n_eff_l,seq_len,num_cov,perc_cov
VAV_HUMAN_Beltran_2025_PF00018_592,8182,8190,0.999023199023199,101.86715328649309,1.5204052729327326,67,61,0.9104477611940298
