protein,num_seqs,num_seqs_unfiltered,perc_filtered,n_eff,n_eff_l,seq_len,num_cov,perc_cov
VILI_CHICK_Beltran_2025_PF02209_762,39305,39334,0.999262724360604,1089.949349360505,16.768451528623153,65,61,0.9384615384615385
