protein,num_seqs,num_seqs_unfiltered,perc_filtered,n_eff,n_eff_l,seq_len,num_cov,perc_cov
WBP4_HUMAN_Beltran_2025_PF06220_8,9433,9438,0.999470226742954,512.6919546945787,14.24144318596052,36,31,0.8611111111111112
