protein,num_seqs,num_seqs_unfiltered,perc_filtered,n_eff,n_eff_l,seq_len,num_cov,perc_cov
WNK1_HUMAN_Beltran_2025_PF12202_481,18098,18105,0.9996133664733499,115.12202254899941,1.308204801693175,88,86,0.9772727272727273
