protein,num_seqs,num_seqs_unfiltered,perc_filtered,n_eff,n_eff_l,seq_len,num_cov,perc_cov
WSB2_HUMAN_Beltran_2025_PF07525_369,40783,40825,0.9989712186160441,2851.904622308177,86.42135219115687,33,31,0.9393939393939394
