protein,num_seqs,num_seqs_unfiltered,perc_filtered,n_eff,n_eff_l,seq_len,num_cov,perc_cov
WWP1_HUMAN_Beltran_2025_PF00397_343,114251,114302,0.9995538135815646,1762.982065328699,36.72879302768123,48,34,0.7083333333333334
