protein,num_seqs,num_seqs_unfiltered,perc_filtered,n_eff,n_eff_l,seq_len,num_cov,perc_cov
YAP1_HUMAN_Beltran_2025_PF00397_226,150603,150664,0.9995951255774439,2253.4953182710155,47.94670889938331,47,34,0.723404255319149
