protein,num_seqs,num_seqs_unfiltered,perc_filtered,n_eff,n_eff_l,seq_len,num_cov,perc_cov
YBOX3_HUMAN_Beltran_2025_PF00313_84,82297,82544,0.9970076565225819,6834.994895371699,79.47668482990348,86,62,0.7209302325581395
