protein,num_seqs,num_seqs_unfiltered,perc_filtered,n_eff,n_eff_l,seq_len,num_cov,perc_cov
YBOX1_HUMAN_Beltran_2025_PF00313_52,52313,52496,0.9965140201158184,4676.976870313651,51.39535022322693,91,64,0.7032967032967034
