protein,num_seqs,num_seqs_unfiltered,perc_filtered,n_eff,n_eff_l,seq_len,num_cov,perc_cov
Z3H7A_HUMAN_Beltran_2025_PF00642_906,15142,15147,0.9996699016306859,917.9339270826216,43.71113938488674,21,19,0.9047619047619048
