protein,num_seqs,num_seqs_unfiltered,perc_filtered,n_eff,n_eff_l,seq_len,num_cov,perc_cov
ZBT20_HUMAN_Beltran_2025_PF00096_635,169987,170056,0.9995942513054523,1743.3827604809776,79.24467093095353,22,21,0.9545454545454546
