protein,num_seqs,num_seqs_unfiltered,perc_filtered,n_eff,n_eff_l,seq_len,num_cov,perc_cov
ZBT24_HUMAN_Beltran_2025_PF00096_435,151296,151335,0.999742293587075,1815.0221835513214,82.50100834324188,22,21,0.9545454545454546
