protein,num_seqs,num_seqs_unfiltered,perc_filtered,n_eff,n_eff_l,seq_len,num_cov,perc_cov
ZC3HF_HUMAN_Beltran_2025_PF18044_104,19284,19286,0.9998962978326247,1064.8073820681357,50.70511343181598,21,20,0.9523809523809523
