protein,num_seqs,num_seqs_unfiltered,perc_filtered,n_eff,n_eff_l,seq_len,num_cov,perc_cov
ZC3HA_HUMAN_Beltran_2025_PF00642_138,41496,41504,0.9998072474942175,1083.0852434857177,49.231147431168985,22,20,0.9090909090909091
