protein,num_seqs,num_seqs_unfiltered,perc_filtered,n_eff,n_eff_l,seq_len,num_cov,perc_cov
ZC3H1_HUMAN_Beltran_2025_PF10650_1186,7984,7987,0.9996243896331539,571.155549711921,30.06081840589058,19,18,0.9473684210526315
