protein,num_seqs,num_seqs_unfiltered,perc_filtered,n_eff,n_eff_l,seq_len,num_cov,perc_cov
ZEB1_HUMAN_Beltran_2025_PF00096_933,16924,16929,0.9997046488274558,344.91627923051556,15.678012692296162,22,21,0.9545454545454546
