protein,num_seqs,num_seqs_unfiltered,perc_filtered,n_eff,n_eff_l,seq_len,num_cov,perc_cov
ZFHX3_HUMAN_Beltran_2025_PF00046_2643,248591,249172,0.997668277334532,4902.834192060544,87.55061057250973,56,55,0.9821428571428571
