protein,num_seqs,num_seqs_unfiltered,perc_filtered,n_eff,n_eff_l,seq_len,num_cov,perc_cov
ZFHX4_HUMAN_Beltran_2025_PF00046_2562,246115,246683,0.9976974497634616,4773.506803606381,85.24119292154252,56,55,0.9821428571428571
