protein,num_seqs,num_seqs_unfiltered,perc_filtered,n_eff,n_eff_l,seq_len,num_cov,perc_cov
ZFHX3_HUMAN_Beltran_2025_PF00046_2147,261059,261649,0.9977450706863011,5122.8961180509295,91.48028782233803,56,54,0.9642857142857143
