protein,num_seqs,num_seqs_unfiltered,perc_filtered,n_eff,n_eff_l,seq_len,num_cov,perc_cov
ZFHX2_HUMAN_Beltran_2025_PF00046_1859,242789,243359,0.9976577813025201,4702.441985207139,83.97217830727034,56,55,0.9821428571428571
