protein,num_seqs,num_seqs_unfiltered,perc_filtered,n_eff,n_eff_l,seq_len,num_cov,perc_cov
ZFHX4_HUMAN_Beltran_2025_PF00046_2183,247969,248526,0.9977587858010832,4688.717185184404,83.72709259257864,56,54,0.9642857142857143
