protein,num_seqs,num_seqs_unfiltered,perc_filtered,n_eff,n_eff_l,seq_len,num_cov,perc_cov
ZFHX3_HUMAN_Beltran_2025_PF00046_2244,248020,248577,0.9977592456261037,4688.653078980894,83.72594783894453,56,54,0.9642857142857143
