protein,num_seqs,num_seqs_unfiltered,perc_filtered,n_eff,n_eff_l,seq_len,num_cov,perc_cov
ZFHX4_HUMAN_Beltran_2025_PF00046_2086,256059,256639,0.997740016131609,5066.397020807241,90.47137537155787,56,54,0.9642857142857143
