protein,num_seqs,num_seqs_unfiltered,perc_filtered,n_eff,n_eff_l,seq_len,num_cov,perc_cov
ZFP30_HUMAN_Beltran_2025_PF00096_411,545908,546424,0.9990556783743028,1137.9455965271636,51.7247998421438,22,21,0.9545454545454546
