protein,num_seqs,num_seqs_unfiltered,perc_filtered,n_eff,n_eff_l,seq_len,num_cov,perc_cov
ZFP57_HUMAN_Beltran_2025_PF00096_176,479836,480106,0.9994376241913244,1253.7833901611375,56.990154098233525,22,21,0.9545454545454546
