protein,num_seqs,num_seqs_unfiltered,perc_filtered,n_eff,n_eff_l,seq_len,num_cov,perc_cov
ZFY16_HUMAN_Beltran_2025_PF01363_744,89672,89749,0.9991420517220247,5582.421987822299,90.03906431971451,62,59,0.9516129032258065
