protein,num_seqs,num_seqs_unfiltered,perc_filtered,n_eff,n_eff_l,seq_len,num_cov,perc_cov
ZIC2_HUMAN_Beltran_2025_PF18366_250,6674,6752,0.9884478672985783,192.31042342046175,4.1806613787056905,46,45,0.9782608695652174
