protein,num_seqs,num_seqs_unfiltered,perc_filtered,n_eff,n_eff_l,seq_len,num_cov,perc_cov
ZIC3_HUMAN_Beltran_2025_PF00096_389,20345,20350,0.9997542997542997,239.42628813602693,10.883013097092133,22,21,0.9545454545454546
