protein,num_seqs,num_seqs_unfiltered,perc_filtered,n_eff,n_eff_l,seq_len,num_cov,perc_cov
ZMYM2_HUMAN_Beltran_2025_PF06467_463,7244,7260,0.9977961432506887,100.34854528048446,2.2806487563746467,44,41,0.9318181818181818
