protein,num_seqs,num_seqs_unfiltered,perc_filtered,n_eff,n_eff_l,seq_len,num_cov,perc_cov
ZMYM3_HUMAN_Beltran_2025_PF06467_350,9443,9453,0.9989421347720301,229.79101307658124,5.106466957257361,45,44,0.9777777777777777
