protein,num_seqs,num_seqs_unfiltered,perc_filtered,n_eff,n_eff_l,seq_len,num_cov,perc_cov
ZMYM3_HUMAN_Beltran_2025_PF06467_589,7789,7795,0.999230275817832,221.70447495017171,5.68473012692748,39,37,0.9487179487179487
