protein,num_seqs,num_seqs_unfiltered,perc_filtered,n_eff,n_eff_l,seq_len,num_cov,perc_cov
ZMYM6_HUMAN_Beltran_2025_PF06467_469,9159,9161,0.9997816832223556,108.03636447927418,3.001010124424283,36,33,0.9166666666666666
