protein,num_seqs,num_seqs_unfiltered,perc_filtered,n_eff,n_eff_l,seq_len,num_cov,perc_cov
ZN148_HUMAN_Beltran_2025_PF00096_172,14619,14620,0.9999316005471957,252.84399769118298,11.492908985962863,22,21,0.9545454545454546
