protein,num_seqs,num_seqs_unfiltered,perc_filtered,n_eff,n_eff_l,seq_len,num_cov,perc_cov
ZN711_HUMAN_Beltran_2025_PF00096_506,505383,505732,0.9993099111782525,1337.6190664263663,60.800866655743924,22,21,0.9545454545454546
