protein,num_seqs,num_seqs_unfiltered,perc_filtered,n_eff,n_eff_l,seq_len,num_cov,perc_cov
ZNF81_HUMAN_Beltran_2025_PF00096_331,536079,536441,0.9993251820796695,973.2445788750297,44.238389948864985,22,21,0.9545454545454546
