protein,num_seqs,num_seqs_unfiltered,perc_filtered,n_eff,n_eff_l,seq_len,num_cov,perc_cov
ZNF81_HUMAN_Beltran_2025_PF00096_555,534768,535089,0.9994000997964825,949.7376416115708,43.16989280052594,22,21,0.9545454545454546
