protein,num_seqs,num_seqs_unfiltered,perc_filtered,n_eff,n_eff_l,seq_len,num_cov,perc_cov
ZO2_HUMAN_Beltran_2025_PF00595_26,115991,116064,0.9993710366694237,905.6538700341835,9.433894479522744,96,86,0.8958333333333334
