protein,num_seqs,num_seqs_unfiltered,perc_filtered,n_eff,n_eff_l,seq_len,num_cov,perc_cov
ZRAB2_HUMAN_Beltran_2025_PF00641_9,39912,39940,0.999298948422634,1757.7098802285693,65.10036593439146,27,22,0.8148148148148148
