protein,num_seqs,num_seqs_unfiltered,perc_filtered,n_eff,n_eff_l,seq_len,num_cov,perc_cov
ZYX_HUMAN_Beltran_2025_PF00412_504,9242,9258,0.9982717649600346,215.0043726764369,3.2090204877080133,67,65,0.9701492537313433
