protein,num_seqs,num_seqs_unfiltered,perc_filtered,n_eff,n_eff_l,seq_len,num_cov,perc_cov
O75953_PF00226_4,80339,80502,0.9979752055849545,4132.372677013834,66.65117220990054,62,62,1.0
P25685_PF00226_4,80896,81060,0.9979768073032321,4078.0805361913176,65.7754925192148,62,62,1.0
Q9H3Z4_PF00226_16,68683,68821,0.9979947980994174,3652.899752994433,58.917737951523115,62,61,0.9838709677419355
Q9UBS4_PF00226_25,86199,86393,0.9977544476983089,5135.697835585896,81.51901326326819,63,63,1.0
