protein,num_seqs,num_seqs_unfiltered,perc_filtered,n_eff,n_eff_l,seq_len,num_cov,perc_cov
P02417_PF01281_1,45488,45590,0.9977626672515902,5241.198037765649,111.51485186735424,47,45,0.9574468085106383
Q9H9D4_PF00096_383,1354075,1355140,0.9992141033398764,18569.8186306392,884.2770776494858,21,21,1.0
Q9HAZ2_PF00096_282,1004718,1005838,0.9988865006094421,7731.001227050192,351.40914668409965,22,21,0.9545454545454546
Q9HC78_PF00096_663,1024799,1025503,0.9993135076152874,20183.28412685293,917.4220057660423,22,21,0.9545454545454546
Q9HC78_PF00096_716,404617,404793,0.9995652098727004,14171.214619111299,644.1461190505136,22,21,0.9545454545454546
Q9NQV8_PF00096_668,759050,759426,0.9995048892189627,22701.812454300387,1081.0386883000185,21,21,1.0
Q9NQX1_PF00096_433,133425,133462,0.9997227675293342,5590.761974457517,243.07660758510943,23,21,0.9130434782608695
