protein,num_seqs,num_seqs_unfiltered,perc_filtered,n_eff,n_eff_l,seq_len,num_cov,perc_cov
Q9H9D4_PF00096_383,393144,393348,0.9994813752707526,5165.839521185766,245.99235815170314,21,21,1.0
Q9HAZ2_PF00096_282,2961,2961,1.0,38.72144929554375,1.7600658770701705,22,22,1.0
Q9HC78_PF00096_663,114289,114317,0.999755067050395,6495.7871951305915,295.2630543241178,22,21,0.9545454545454546
Q9HC78_PF00096_716,941,941,1.0,3.180086398349368,0.1445493817431531,22,22,1.0
Q9NQV8_PF00096_668,27521,27525,0.9998546775658492,2317.7239441711554,110.36780686529312,21,21,1.0
Q9NQX1_PF00096_433,10542,10542,1.0,411.1573616362559,17.8764070276633,23,21,0.9130434782608695
