protein,num_seqs,num_seqs_unfiltered,perc_filtered,n_eff,n_eff_l,seq_len,num_cov,perc_cov
P02417_PF01281_1,47793,47921,0.9973289372091567,5839.139832469028,124.23701771210698,47,45,0.9574468085106383
