protein,num_seqs,num_seqs_unfiltered,perc_filtered,n_eff,n_eff_l,seq_len,num_cov,perc_cov
O00330_PF02817_181,65729,65802,0.9988906112276222,6818.908087511258,145.08315079811186,47,38,0.8085106382978723
P02549_PF00018_979,119540,119600,0.9994983277591973,3095.262592155694,53.366596416477485,58,51,0.8793103448275862
Q6XZF7_PF00018_146,236885,237022,0.9994219945827814,5443.841048467827,89.24329587652176,61,53,0.8688524590163934
